id,code,claimed
0,FFI0QN,0
1,3WFIK8,0
2,5CI6L6,0
3,U57OBX,0
4,T1Y5NP,0
5,PXH237,0
6,1R7YAY,0
7,CB2FRS,0
8,T4O9YB,0
9,30IV5Z,0
10,JFN614,0
11,SZTX0Z,0
12,7S40FV,0
13,VB4ZSY,0
14,YKP12W,0
15,SI0FC6,0
16,43BKMK,0
17,PM3F2L,0
18,O3KI9I,0
19,FPGRXD,0
20,DMV8ZR,0
21,6CRSNL,0
22,CI8DUD,0
23,W80T60,0
24,KBHSLG,0
25,Y943RD,0
26,5OHKJL,0
27,VBAII8,0
28,CZBG59,0
29,G25FYG,0
30,OBCPQW,0
31,KWUJIG,0
32,46ZS32,0
33,FUA19X,0
34,RWUCIZ,0
35,TTELQN,0
36,HHQYZE,0
37,I7V6X0,0
38,ABPQYI,0
39,7IYCCY,0
40,81BO96,0
41,16VJ8H,0
42,QMPKJG,0
43,GTX443,0
44,HVP6L7,0
45,T9AH2J,0
46,7I6B23,0
47,P38FPZ,0
48,UB7X14,0
49,YV41S2,0
50,QTC526,0
51,DO4FFN,0
52,PMCQ6K,0
53,SRKP33,0
54,88756S,0
55,VTF11D,0
56,GL5R9F,0
57,CME05C,0
58,SLGCCD,0
59,9B1XGD,0
60,MP34XD,0
61,8TF29I,0
62,U7K3XG,0
63,C41DZK,0
64,YMVP25,0
65,QJNFFO,0
66,GTEJF8,0
67,VUI24M,0
68,0PSRYL,0
69,6ISK8K,0
70,HO94AQ,0
71,JYIWGJ,0
72,AFZGS7,0
73,B4KRM1,0
74,G37C53,0
75,KQKIGX,0
76,F32APH,0
77,CLQ2V8,0
78,AWKRSI,0
79,9OF58S,0
80,VHKW90,0
81,P9BO1O,0
82,740BIK,0
83,W0ZAYE,0
84,9RK3W7,0
85,JZ0DUO,0
86,YPQS3Y,0
87,EVJ9L0,0
88,2FCQ4M,0
89,TRVICZ,0
90,E2YJ2G,0
91,9VF9PM,0
92,SS68XG,0
93,X7MHJH,0
94,O68H04,0
95,PS0UN1,0
96,4Y4NS7,0
97,60IEL3,0
98,596PZV,0
99,P673R4,0
100,D9QWS9,0
101,HICS4D,0
102,ZKT1LQ,0
103,A1QE0L,0
104,BD00BE,0
105,KT2DKN,0
106,ZC7Q2A,0
107,O3BKYD,0
108,EQ0520,0
109,QQCITB,0
110,1FPCH3,0
111,07SZN8,0
112,ZIL3FP,0
113,0Z8RKN,0
114,F6FJ98,0
115,NPHPIT,0
116,MRENA2,0
117,1Q6GOF,0
118,Q4CSRG,0
119,DIHVBW,0
120,AT0PLL,0
121,VK2LVZ,0
122,D02JJU,0
123,HIOEP9,0
124,AMZHXW,0
125,EKPV71,0
126,B6EFPW,0
127,EIDWX8,0
128,W38AI4,0
129,8H3CIP,0
130,4CBQEX,0
131,BEE1VW,0
132,Y6F5OB,0
133,K0TM43,0
134,WR39UU,0
135,C5TH17,0
136,Y7DQG2,0
137,MRXA4W,0
138,DT33UD,0
139,U1FJKI,0
140,F418J2,0
141,YLV19D,0
142,M6UJNP,0
143,XDX6X3,0
144,DHGCXG,0
145,A4VFYR,0
146,P1W5QJ,0
147,KQ7STR,0
148,P1TQB4,0
149,6J794G,0
150,SDCUGS,0
151,GS5GDL,0
152,3DRDPR,0
153,7KR1A2,0
154,0B2CXA,0
155,FC4ZPF,0
156,H4URG9,0
157,PLTRZ3,0
158,KJO2CI,0
159,1NRE0F,0
160,1T18AE,0
161,HFP7HB,0
162,EF4GEW,0
163,4NB272,0
164,F8U0PB,0
165,8UL5DP,0
166,TPU17K,0
167,I8L52M,0
168,IF36KV,0
169,F4C61A,0
170,M7BFSI,0
171,EZUCB0,0
172,VAU2HT,0
173,IWJCPQ,0
174,E6L986,0
175,5GW994,0
176,2TGS61,0
177,IXRI5H,0
178,SF1O80,0
179,8WKL7Z,0
180,GFH16T,0
181,CHKUXA,0
182,A9EKD4,0
183,NF44H2,0
184,EX4OU3,0
185,3QF307,0
186,2VUMRQ,0
187,3H1YU9,0
188,27KEMI,0
189,CBMOCS,0
190,ACSJLG,0
191,9USYP7,0
192,L9FWCU,0
193,WA8D5C,0
194,GA8L5T,0
195,7EJ0OI,0
196,PR31EQ,0
197,AHHM50,0
198,52PFXG,0
199,06WEST,0
200,M87VZO,0
201,3QET5Q,0
202,GYOKHU,0
203,YM5PSR,0
204,FT6KOX,0
205,CIIUXA,0
206,IGX2YT,0
207,P0W6VG,0
208,82WM67,0
209,P0QVNZ,0
210,UW0I49,0
211,VD1MXA,0
212,NDNGD7,0
213,PS5HX8,0
214,HX5Y08,0
215,YHBA82,0
216,N768D8,0
217,Y76TC7,0
218,RS5N8H,0
219,N9IBJ2,0
220,FFD7N9,0
221,70C42S,0
222,HEO83L,0
223,7GMXQN,0
224,WG18S8,0
225,7LIL93,0
226,3X6HO9,0
227,65MI7R,0
228,D25IT6,0
229,73W0T4,0
230,9XP6I6,0
231,1K18WD,0
232,U2EA0O,0
233,E0HDIJ,0
234,HVO6IH,0
235,XWQRNO,0
236,1EDYQK,0
237,9W4MDQ,0
238,U75YY2,0
239,MSZDRU,0
240,66GSJ1,0
241,2BJHTN,0
242,0P5FA4,0
243,S41JYC,0
244,JGS3KG,0
245,FKNQJG,0
246,72Y75G,0
247,JF7X5P,0
248,6P84DP,0
249,R92XJ7,0
250,RNPDEZ,0
251,7QKBQN,0
252,QAZ1TS,0
253,WDB04Y,0
254,1MO39A,0
255,BRXBW9,0
256,XPBGEF,0
257,PSX3SZ,0
258,BA9UZQ,0
259,J837YJ,0
260,0EF3F1,0
261,03O5R9,0
262,ZQVWCS,0
263,38ZT9L,0
264,GAV5BA,0
265,V7DZFF,0
266,Z4CB5G,0
267,O3Z1DY,0
268,6TTUOA,0
269,DDCE61,0
270,P6474E,0
271,JZB6FJ,0
272,SME013,0
273,2QM5PT,0
274,4MVLGG,0
275,NT6IFW,0
276,7CQ45N,0
277,MOYYY5,0
278,A915ZQ,0
279,G3UMCX,0
280,ZKQE0Q,0
281,PK658R,0
282,VOO08V,0
283,14S74I,0
284,M3ODK0,0
285,XGP1US,0
286,DRCCF0,0
287,LYZQOF,0
288,5XMZTZ,0
289,63YQP5,0
290,OKZRPE,0
291,7FZO96,0
292,D1USJ8,0
293,MR7VO4,0
294,7X9AWK,0
295,F4KTBI,0
296,9UC90H,0
297,CSJS2H,0
298,HLE0KM,0
299,87X143,0
